username,password,name,surname,email
johnny,johnny,Johnny,López,john@mail.com
lorraine,lorraine,Lorraine,Williams,lorraine@yellow-house.com
leslie,leslie,Leslie Marti,Ramport,leslie@us.es
robert,robert,Robert,Johnson,robert@mail.server.com
pepeluis,pepeluis,José Luis,Sørensen,ppepe.sorensen@sweden.sw
luisa,luisa,Luisa,Martínez López,luisa@luisa.name
lukas,lukas,Lukas,Smith,lukas@mail.com
mary-dt,mary-dt,Mary,Design-Testing,mary@email.com
jorge,jorge,Jorge,Libertad,jorge@yahoo.com
sonia,sonia,Snojia Guðrún,Þor-Anaïs,sonja@liberty.de
parker,parker,Parker Sigurður,Mañón-Perigüeñez,parker@outlook.com
manolo,manolo,Manuel Raúl,Benítez López,manolo@engineer.com
